{
  "total_experiments": 28,
  "best_bleu": 0.5029863667961298,
  "worst_bleu": 0.16997541647589542,
  "mean_bleu": 0.46093926520650025,
  "std_bleu": 0.07610892328449766,
  "best_experiment": "ipo_final_model_lr1e-07_ep1",
  "total_training_time": 111.48357636133831,
  "methods_tested": [
    "IPO",
    "DPO",
    "SFT"
  ],
  "base_methods_tested": [
    "ipo",
    "dpo",
    "padding",
    "batch",
    "dataset"
  ],
  "method_stats": {
    "IPO": {
      "count": 3,
      "best_bleu": 0.5029863667961298,
      "mean_bleu": 0.4887249793875739,
      "best_experiment": "ipo_final_model_lr1e-07_ep1"
    },
    "DPO": {
      "count": 3,
      "best_bleu": 0.5019866702314288,
      "mean_bleu": 0.49249806783695466,
      "best_experiment": "dpo_final_model_lr1e-07_ep1"
    },
    "SFT": {
      "count": 22,
      "best_bleu": 0.4979315678052798,
      "mean_bleu": 0.45284683109583734,
      "best_experiment": "sft_padding_bs32_lr8e-05_ep1"
    }
  }
}